{
    "rmse": 0.7433690793645027,
    "mae": 0.585543777002244,
    "r2": 0.22213177343014023
}