{
    "rmse": 0.7160654492456209,
    "mae": 0.5708508523903817,
    "r2": 0.24595628293627536
}